"","GEOID","puma"
"0","36000900","3903"
"1","36009800","3808"
"2","36010000","3808"
"3","36010200","3807"
"4","36010400","3807"
"5","36011300","3807"
"6","36011402","3805"
"7","36013000","3805"
"8","36014000","3805"
"9","36014801","3805"
"10","36015300","3806"
"11","36015400","3805"
"12","36018400","3804"
"13","36019000","3803"
"14","36020102","3803"
"15","36020600","3803"
"16","36024900","3801"
"17","36025300","3801"
"18","36025700","3803"
"19","36026100","3801"
"20","36026300","3801"
"21","36026700","3801"
"22","36026900","3801"
"23","36027700","3801"
"24","36000501","4004"
"25","36002000","4012"
"26","36004100","4004"
"27","36005202","4013"
"28","36005800","4013"
"29","36006000","4013"
"30","36006700","4005"
"31","36006900","4004"
"32","36007400","4012"
"33","36007600","4012"
"34","36007800","4012"
"35","36008000","4012"
"36","36009800","4012"
"37","36010100","4012"
"38","36010200","4012"
"39","36010400","4012"
"40","36010800","4012"
"41","36011000","4012"
"42","36011400","4014"
"43","36012801","4013"
"44","36013000","4013"
"45","36013200","4013"
"46","36013300","4005"
"47","36013600","4013"
"48","36013700","4005"
"49","36013900","4005"
"50","36015100","4005"
"51","36015300","4005"
"52","36015500","4005"
"53","36015700","4005"
"54","36017000","4017"
"55","36017200","4017"
"56","36017800","4017"
"57","36018600","4017"
"58","36018800","4017"
"59","36019000","4017"
"60","36019200","4014"
"61","36019400","4013"
"62","36019500","4004"
"63","36019600","4013"
"64","36019700","4004"
"65","36019800","4013"
"66","36020400","4013"
"67","36020800","4013"
"68","36021000","4013"
"69","36021200","4013"
"70","36021400","4014"
"71","36021900","4006"
"72","36022000","4014"
"73","36022100","4006"
"74","36022200","4014"
"75","36022700","4004"
"76","36022900","4004"
"77","36023100","4004"
"78","36023500","4004"
"79","36023600","4014"
"80","36023800","4014"
"81","36024000","4014"
"82","36024200","4014"
"83","36024500","4003"
"84","36024600","4014"
"85","36024700","4006"
"86","36024800","4017"
"87","36024900","4003"
"88","36025000","4017"
"89","36025200","4017"
"90","36025400","4017"
"91","36025600","4017"
"92","36025800","4017"
"93","36026000","4017"
"94","36026200","4017"
"95","36026300","4003"
"96","36026400","4017"
"97","36026600","4017"
"98","36026700","4003"
"99","36026800","4017"
"100","36026900","4003"
"101","36027000","4017"
"102","36027200","4017"
"103","36027300","4003"
"104","36027400","4017"
"105","36027600","4017"
"106","36027800","4017"
"107","36027900","4003"
"108","36028400","4017"
"109","36028501","4002"
"110","36028800","4017"
"111","36029100","4003"
"112","36029300","4003"
"113","36029700","4006"
"114","36029800","4017"
"115","36030000","4017"
"116","36030500","4006"
"117","36030900","4006"
"118","36031701","4006"
"119","36032300","4011"
"120","36032600","4018"
"121","36032900","4011"
"122","36033100","4011"
"123","36033300","4011"
"124","36033700","4006"
"125","36033900","4006"
"126","36034100","4006"
"127","36034200","4018"
"128","36036300","4007"
"129","36036502","4007"
"130","36038800","4016"
"131","36039600","4016"
"132","36039700","4002"
"133","36039900","4002"
"134","36040100","4002"
"135","36040400","4017"
"136","36040600","4017"
"137","36040800","4017"
"138","36041300","4002"
"139","36041401","4016"
"140","36041500","4002"
"141","36041700","4002"
"142","36041800","4016"
"143","36041900","4002"
"144","36042000","4016"
"145","36042100","4002"
"146","36042600","4017"
"147","36042700","4002"
"148","36042800","4017"
"149","36042900","4002"
"150","36043000","4017"
"151","36043100","4002"
"152","36043200","4017"
"153","36043300","4002"
"154","36043400","4017"
"155","36043500","4002"
"156","36043600","4017"
"157","36043900","4002"
"158","36044000","4014"
"159","36044100","4002"
"160","36044200","4014"
"161","36044300","4002"
"162","36044400","4014"
"163","36044600","4014"
"164","36045200","4014"
"165","36045400","4014"
"166","36045600","4015"
"167","36046000","4015"
"168","36046400","4014"
"169","36047000","4014"
"170","36047200","4014"
"171","36047400","4014"
"172","36047600","4014"
"173","36048100","4001"
"174","36049500","4001"
"175","36049900","4001"
"176","36050300","4001"
"177","36050500","4001"
"178","36050801","4015"
"179","36051001","4015"
"180","36051400","4015"
"181","36051601","4015"
"182","36051602","4015"
"183","36051700","4001"
"184","36051800","4015"
"185","36052000","4015"
"186","36052600","4015"
"187","36052800","4015"
"188","36053000","4015"
"189","36053200","4015"
"190","36053300","4001"
"191","36053400","4015"
"192","36053800","4015"
"193","36054200","4015"
"194","36054400","4015"
"195","36055000","4016"
"196","36055200","4016"
"197","36055800","4016"
"198","36056000","4016"
"199","36056200","4016"
"200","36056400","4016"
"201","36056500","4001"
"202","36056600","4016"
"203","36056800","4016"
"204","36056900","4001"
"205","36057000","4016"
"206","36057100","4001"
"207","36057200","4016"
"208","36057300","4001"
"209","36057400","4016"
"210","36057600","4016"
"211","36057800","4016"
"212","36058000","4016"
"213","36058600","4016"
"214","36059100","4001"
"215","36059200","4016"
"216","36059300","4001"
"217","36059401","4016"
"218","36059402","4016"
"219","36059600","4016"
"220","36060000","4016"
"221","36061200","4016"
"222","36063200","4016"
"223","36063600","4009"
"224","36063800","4016"
"225","36064000","4009"
"226","36064600","4009"
"227","36064800","4009"
"228","36065000","4009"
"229","36065200","4009"
"230","36065400","4009"
"231","36065600","4009"
"232","36065800","4009"
"233","36066000","4009"
"234","36067000","4009"
"235","36067200","4009"
"236","36067400","4009"
"237","36067600","4009"
"238","36067800","4009"
"239","36068000","4009"
"240","36068200","4009"
"241","36068600","4009"
"242","36068800","4009"
"243","36069000","4009"
"244","36069200","4009"
"245","36072800","4009"
"246","36073400","4009"
"247","36073800","4009"
"248","36074000","4009"
"249","36074200","4009"
"250","36074400","4009"
"251","36074600","4009"
"252","36074800","4015"
"253","36075000","4015"
"254","36075200","4015"
"255","36075400","4015"
"256","36075600","4015"
"257","36076000","4015"
"258","36076200","4015"
"259","36076400","4015"
"260","36076800","4015"
"261","36078400","4010"
"262","36079000","4010"
"263","36079200","4010"
"264","36079601","4011"
"265","36080000","4011"
"266","36080400","4011"
"267","36080600","4011"
"268","36081400","4010"
"269","36081800","4010"
"270","36082400","4010"
"271","36083200","4010"
"272","36083600","4010"
"273","36083800","4010"
"274","36084000","4010"
"275","36084600","4010"
"276","36084800","4010"
"277","36085000","4010"
"278","36086200","4010"
"279","36086400","4010"
"280","36086600","4010"
"281","36086800","4010"
"282","36087000","4010"
"283","36087800","4011"
"284","36088600","4010"
"285","36088800","4010"
"286","36089000","4010"
"287","36089600","4007"
"288","36089800","4007"
"289","36090200","4007"
"290","36091600","4007"
"291","36091800","4007"
"292","36092400","4007"
"293","36092800","4010"
"294","36093000","4010"
"295","36095400","4009"
"296","36096400","4009"
"297","36096600","4009"
"298","36096800","4009"
"299","36097000","4009"
"300","36098400","4009"
"301","36098600","4009"
"302","36099200","4009"
"303","36099400","4009"
"304","36099600","4009"
"305","36100400","4009"
"306","36100600","4009"
"307","36100800","4009"
"308","36101000","4009"
"309","36101400","4009"
"310","36101600","4009"
"311","36102000","4009"
"312","36102400","4009"
"313","36102600","4009"
"314","36111000","4008"
"315","36112400","4008"
"316","36112600","4007"
"317","36112800","4007"
"318","36113000","4007"
"319","36113400","4007"
"320","36114600","4008"
"321","36115000","4008"
"322","36115200","4008"
"323","36115600","4007"
"324","36115800","4007"
"325","36116000","4008"
"326","36116200","4008"
"327","36116400","4008"
"328","36117000","4008"
"329","36117201","4008"
"330","36117202","4008"
"331","36119400","4008"
"332","36002701","3710"
"333","36003300","3710"
"334","36003500","3710"
"335","36003700","3710"
"336","36003800","3709"
"337","36004001","3709"
"338","36004400","3709"
"339","36004800","3709"
"340","36006800","3709"
"341","36007000","3709"
"342","36008900","3710"
"343","36012101","3705"
"344","36012102","3710"
"345","36012500","3705"
"346","36012701","3710"
"347","36013100","3710"
"348","36014300","3708"
"349","36016200","3703"
"350","36016300","3705"
"351","36016600","3703"
"352","36017500","3708"
"353","36017701","3708"
"354","36017901","3708"
"355","36017902","3708"
"356","36018101","3708"
"357","36020200","3709"
"358","36020400","3709"
"359","36020601","3709"
"360","36021601","3709"
"361","36022102","3708"
"362","36022300","3708"
"363","36023200","3704"
"364","36023600","3704"
"365","36023703","3707"
"366","36024300","3707"
"367","36024600","3704"
"368","36025000","3704"
"369","36025200","3704"
"370","36025400","3704"
"371","36028700","3701"
"372","36028800","3704"
"373","36030100","3701"
"374","36031200","3704"
"375","36031400","3704"
"376","36033000","3704"
"377","36036000","3704"
"378","36036502","3705"
"379","36036800","3702"
"380","36037000","3702"
"381","36037200","3702"
"382","36038700","3705"
"383","36039200","3702"
"384","36039400","3702"
"385","36039600","3702"
"386","36039800","3702"
"387","36039902","3706"
"388","36040100","3706"
"389","36040303","3701"
"390","36040304","3701"
"391","36040400","3702"
"392","36040501","3706"
"393","36040502","3706"
"394","36040600","3702"
"395","36040701","3701"
"396","36042200","3702"
"397","36042300","3706"
"398","36042400","3702"
"399","36042800","3702"
"400","36042902","3706"
"401","36043000","3702"
"402","36043400","3702"
"403","36043600","3702"
"404","36015300","3705"
"405","36000200","4111"
"406","36001000","4111"
"407","36001400","4111"
"408","36001600","4111"
"409","36002800","4111"
"410","36003100","4101"
"411","36003800","4111"
"412","36003900","4101"
"413","36004001","4111"
"414","36005100","4101"
"415","36006502","4101"
"416","36007300","4101"
"417","36007900","4101"
"418","36009400","4113"
"419","36010200","4113"
"420","36010400","4113"
"421","36010600","4113"
"422","36011100","4101"
"423","36011200","4111"
"424","36011300","4101"
"425","36011400","4111"
"426","36011500","4101"
"427","36011600","4111"
"428","36011700","4101"
"429","36011900","4101"
"430","36012100","4101"
"431","36012400","4111"
"432","36012601","4111"
"433","36012602","4111"
"434","36012800","4111"
"435","36013000","4111"
"436","36013600","4111"
"437","36014000","4111"
"438","36014300","4101"
"439","36014500","4101"
"440","36014700","4101"
"441","36014900","4101"
"442","36015300","4101"
"443","36015400","4111"
"444","36015600","4111"
"445","36015802","4113"
"446","36016100","4101"
"447","36016400","4113"
"448","36016600","4113"
"449","36016800","4113"
"450","36017200","4113"
"451","36018000","4113"
"452","36018501","4109"
"453","36018502","4109"
"454","36019000","4112"
"455","36023000","4106"
"456","36023200","4106"
"457","36024700","4109"
"458","36025900","4109"
"459","36026100","4109"
"460","36026600","4112"
"461","36026901","4107"
"462","36026902","4107"
"463","36027000","4112"
"464","36027100","4107"
"465","36027200","4112"
"466","36027300","4102"
"467","36027400","4112"
"468","36027500","4102"
"469","36027700","4102"
"470","36027900","4102"
"471","36028000","4112"
"472","36028100","4102"
"473","36028200","4112"
"474","36028300","4102"
"475","36028500","4102"
"476","36028700","4102"
"477","36028900","4102"
"478","36030903","4102"
"479","36032700","4102"
"480","36032900","4102"
"481","36033700","4102"
"482","36033900","4102"
"483","36035100","4102"
"484","36035300","4102"
"485","36036100","4102"
"486","36036300","4102"
"487","36036500","4102"
"488","36036700","4102"
"489","36037100","4102"
"490","36037500","4102"
"491","36037700","4102"
"492","36037900","4102"
"493","36038400","4112"
"494","36039400","4112"
"495","36039900","4107"
"496","36040000","4112"
"497","36040100","4102"
"498","36040200","4112"
"499","36040300","4102"
"500","36041100","4107"
"501","36041300","4107"
"502","36041500","4107"
"503","36043400","4112"
"504","36044301","4107"
"505","36044302","4107"
"506","36044602","4112"
"507","36044800","4106"
"508","36045700","4107"
"509","36045900","4107"
"510","36046100","4107"
"511","36046700","4107"
"512","36046900","4107"
"513","36048100","4107"
"514","36048300","4109"
"515","36048900","4109"
"516","36049500","4110"
"517","36049600","4105"
"518","36050201","4112"
"519","36050202","4112"
"520","36050400","4112"
"521","36050600","4112"
"522","36050800","4112"
"523","36051000","4112"
"524","36051200","4105"
"525","36051800","4112"
"526","36052000","4112"
"527","36052400","4112"
"528","36052500","4110"
"529","36052600","4112"
"530","36053000","4112"
"531","36053200","4105"
"532","36053601","4105"
"533","36054000","4105"
"534","36054200","4105"
"535","36054500","4110"
"536","36054700","4110"
"537","36054900","4110"
"538","36055100","4110"
"539","36055300","4110"
"540","36055600","4105"
"541","36055800","4105"
"542","36058300","4110"
"543","36058500","4110"
"544","36058700","4110"
"545","36058900","4110"
"546","36059100","4110"
"547","36059300","4110"
"548","36059400","4105"
"549","36059600","4105"
"550","36059800","4105"
"551","36059900","4110"
"552","36060000","4105"
"553","36060600","4105"
"554","36060800","4105"
"555","36061400","4105"
"556","36061800","4105"
"557","36062700","4110"
"558","36063200","4105"
"559","36065702","4110"
"560","36065703","4110"
"561","36065900","4110"
"562","36066000","4105"
"563","36066100","4110"
"564","36066300","4110"
"565","36066701","4110"
"566","36067100","4110"
"567","36067700","4110"
"568","36067900","4110"
"569","36069300","4108"
"570","36069500","4108"
"571","36069701","4108"
"572","36069702","4108"
"573","36071304","4108"
"574","36071306","4108"
"575","36071900","4108"
"576","36072100","4108"
"577","36072900","4108"
"578","36073900","4108"
"579","36074100","4108"
"580","36074300","4108"
"581","36077903","4106"
"582","36077904","4106"
"583","36077906","4106"
"584","36079900","4103"
"585","36085300","4103"
"586","36086100","4103"
"587","36087100","4103"
"588","36092800","4114"
"589","36102900","4103"
"590","36103300","4103"
"591","36103900","4103"
"592","36105900","4103"
"593","36113900","4104"
"594","36114700","4103"
"595","36115700","4103"
"596","36116100","4103"
"597","36117500","4103"
"598","36118100","4104"
"599","36118500","4103"
"600","36118700","4103"
"601","36119100","4103"
"602","36119300","4103"
"603","36119500","4103"
"604","36119900","4103"
"605","36120300","4103"
"606","36120500","4103"
"607","36120700","4103"
"608","36124100","4106"
"609","36124700","4106"
"610","36129104","4104"
"611","36133900","4106"
"612","36140901","4104"
"613","36140902","4104"
"614","36145102","4104"
"615","36145900","4104"
"616","36152902","4104"
"617","36157901","4105"
"618","36157902","4105"
"619","36157903","4105"
"620","36001800","4111"
"621","36002000","4111"
"622","36020400","4112"
"623","36002702","3710"
"624","36003200","4111"
"625","36112900","4104"
"626","36026700","4107"
"627","36036901","3705"
"628","36036902","3705"
"629","36038900","3705"
"630","36047000","4112"
"631","36023301","3707"
"632","36023501","3707"
"633","36016500","3705"
"634","36040302","3706"
"635","36026702","3701"
"636","36048000","4112"
"637","36023302","3707"
"638","36018800","4112"
"639","36019200","4112"
"640","36017400","4113"
"641","36017600","4113"
"642","36143500","4104"
"643","36121100","4103"
"644","36013800","4111"
"645","36028400","4112"
"646","36058000","4105"
"647","36071303","4108"
"648","36077902","4106"
"649","36077907","4106"
"650","36017000","4113"
"651","36019400","4112"
"652","36002200","4012"
"653","36011900","3710"
"654","36097400","4009"
"655","36044500","4002"
"656","36044700","4002"
"657","36023502","3803"
"658","36006600","4013"
"659","36013400","4013"
"660","36019702","3803"
"661","36007000","4013"
"662","36007200","4012"
"663","36051600","3703"
"664","36062000","4016"
"665","36039000","4016"
"666","36032800","3704"
"667","36034000","3704"
"668","36004900","4005"
"669","36009400","4012"
"670","36009600","4012"
"671","36008200","4012"
"672","36008600","4012"
"673","36117602","4008"
"674","36034900","4006"
"675","36055100","4001"
"676","36041800","3702"
"677","36035100","4006"
"678","36064200","4016"
"679","36064400","4009"
"680","36005500","4101"
"681","36011900","3807"
"682","36012500","3807"
"683","36022500","3802"
"684","36029300","3801"
"685","36002602","3809"
"686","36001100","4004"
"687","36020000","4013"
"688","36020200","4013"
"689","36016000","4013"
"690","36016800","4017"
"691","36015800","3703"
"692","36003001","3809"
"693","36003002","3809"
"694","36005900","3810"
"695","36005600","3807"
"696","36005400","4013"
"697","36002500","3710"
"698","36015200","3703"
"699","36058200","4016"
"700","36055400","4016"
"701","36055600","4016"
"702","36021700","4006"
"703","36083400","4010"
"704","36085400","4010"
"705","36078800","4112"
"706","36022403","3704"
"707","36001600","3809"
"708","36046201","4015"
"709","36044800","3702"
"710","36034200","3704"
"711","36034400","3704"
"712","36025901","4003"
"713","36025902","4003"
"714","36056600","4105"
"715","36004200","3809"
"716","36006100","3810"
"717","36013900","3807"
"718","36016700","3705"
"719","36022902","3707"
"720","36016700","4005"
"721","36022404","3704"
"722","36094700","4103"
"723","36076902","4108"
"724","36098200","4009"
"725","36003000","4013"
"726","36140300","4104"
"727","36061302","4110"
"728","36062300","4110"
"729","36062500","4110"
"730","36074500","4108"
"731","36037300","4102"
"732","36101700","4103"
"733","36114100","4103"
"734","36022002","4106"
"735","36045000","4106"
"736","36077905","4106"
"737","36126700","4106"
"738","36121500","4103"
"739","36122300","4106"
"740","36134100","4106"
"741","36141700","4104"
"742","36036002","4018"
"743","36056100","4001"
"744","36036501","3705"
"745","36033201","3704"
"746","36015200","4111"
"747","36020600","4112"
"748","36047200","4106"
"749","36093200","4010"
"750","36059000","4105"
"751","36004700","4101"
"752","36090800","4007"
"753","36114400","4007"
"754","36037100","3705"
"755","36011402","3902"
"756","36023000","3803"
"757","36111800","4008"
"758","36091900","4103"
"759","36092500","4103"
"760","36001502","3810"
"761","36076600","4015"
"762","36012000","3805"
"763","36012800","3805"
"764","36040300","4002"
"765","36052700","4001"
"766","36052900","4001"
"767","36045600","4106"
"768","36021100","3708"
"769","36050500","4110"
"770","36022800","3704"
"771","36023000","3704"
"772","36027700","3701"
"773","36027300","3701"
"774","36042000","3702"
"775","36040800","3702"
"776","36021302","3708"
"777","36025700","4003"
"778","36002901","4004"
"779","36157101","4105"
"780","36026701","3701"
"781","36063301","4110"
"782","36063302","4110"
"783","36024400","3704"
"784","36085500","4103"
"785","36086300","4103"
"786","36086500","4103"
"787","36116300","4103"
"788","36104700","4103"
"789","36115900","4103"
"790","36036300","3705"
"791","36022703","3707"
"792","36022702","3707"
"793","36017009","3901"
"794","36035700","4102"
"795","36015001","3805"
"796","36009800","3709"
"797","36013300","3705"
"798","36009600","4113"
"799","36004500","4101"
"800","36005300","4101"
"801","36113200","4007"
"802","36048000","4015"
"803","36048200","4015"
"804","36048400","4014"
"805","36117400","4008"
"806","36117601","4008"
"807","36021001","3709"
"808","36023800","3704"
"809","36022200","3709"
"810","36018901","3903"
"811","36003600","4013"
"812","36006800","4013"
"813","36144700","4104"
"814","36005700","4101"
"815","36005900","4101"
"816","36054800","4105"
"817","36047300","4107"
"818","36030000","3703"
"819","36015500","4101"
"820","36015700","4101"
"821","36015900","4101"
"822","36119800","4008"
"823","36010601","3808"
"824","36026100","4003"
"825","36017008","3901"
"826","36030200","3703"
"827","36110600","4008"
"828","36004500","3810"
"829","36013500","4005"
"830","36036700","4007"
"831","36009500","3807"
"832","36006300","3810"
"833","36051100","4001"
"834","36013300","3807"
"835","36012700","3807"
"836","36012100","3807"
"837","36008100","3807"
"838","36005400","3807"
"839","36016900","4012"
"840","36017100","4012"
"841","36056800","4105"
"842","36059200","4105"
"843","36062200","4105"
"844","36018302","3708"
"845","36022600","3803"
"846","36102200","4009"
"847","36005501","3810"
"848","36020800","3803"
"849","36007700","3710"
"850","36007500","3710"
"851","36007300","3710"
"852","36007900","3710"
"853","36013200","4111"
"854","36035601","4018"
"855","36061600","4016"
"856","36037504","3705"
"857","36053700","4001"
"858","36026500","3706"
"859","36042200","4016"
"860","36043800","4014"
"861","36150200","4012"
"862","36038200","3702"
"863","36049400","4014"
"864","36007500","4101"
"865","36007700","4101"
"866","36033202","3704"
"867","36045500","4107"
"868","36056200","4105"
"869","36056400","4105"
"870","36063000","4105"
"871","36030904","4102"
"872","36049200","4106"
"873","36012200","4111"
"874","36014400","4111"
"875","36015000","4111"
"876","36038500","4003"
"877","36030100","4007"
"878","36012000","4111"
"879","36014800","4111"
"880","36003100","3710"
"881","36008300","3710"
"882","36005200","3709"
"883","36092900","4103"
"884","36013400","3805"
"885","36013100","4005"
"886","36014100","4005"
"887","36014900","4005"
"888","36014500","4012"
"889","36014700","4012"
"890","36009200","3808"
"891","36011401","3805"
"892","36146300","4104"
"893","36025300","4003"
"894","36146700","4104"
"895","36020600","4013"
"896","36100801","4114"
"897","36000100","3710"
"898","36000100","3810"
"899","36044800","4014"
"900","36045000","4014"
"901","36080200","4011"
"902","36075800","4015"
"903","36115100","4103"
"904","36117100","4103"
"905","36040500","4102"
"906","36040700","4102"
"907","36040900","4102"
"908","36013100","3807"
"909","36013700","3807"
"910","36062800","4016"
"911","36071701","4108"
"912","36025500","4109"
"913","36025700","4109"
"914","36026300","4109"
"915","36026500","4109"
"916","36029100","4102"
"917","36029300","4109"
"918","36030902","4102"
"919","36051300","4110"
"920","36017700","3806"
"921","36021002","3709"
"922","36021200","3709"
"923","36038800","3702"
"924","36039000","3702"
"925","36038600","3702"
"926","36028300","4003"
"927","36006500","3810"
"928","36037700","4003"
"929","36037300","4007"
"930","36037500","4003"
"931","36029400","4112"
"932","36022701","3707"
"933","36022901","3707"
"934","36045800","4106"
"935","36046600","4106"
"936","36024501","3707"
"937","36023200","3803"
"938","36019800","3804"
"939","36020000","3803"
"940","36007500","4005"
"941","36014500","3806"
"942","36014900","3806"
"943","36016900","4109"
"944","36004600","3709"
"945","36034300","4006"
"946","36034500","4006"
"947","36011200","4012"
"948","36031000","3704"
"949","36007100","4004"
"950","36012700","4004"
"951","36028600","4017"
"952","36016000","3703"
"953","36027402","3703"
"954","36050803","4015"
"955","36050804","4015"
"956","36039400","4016"
"957","36041402","4016"
"958","36041600","4016"
"959","36093400","4010"
"960","36094600","4010"
"961","36048200","4112"
"962","36028502","4003"
"963","36006100","4101"
"964","36006300","4101"
"965","36138501","4104"
"966","36069601","4009"
"967","36072000","4009"
"968","36072200","4009"
"969","36022700","3802"
"970","36025900","3803"
"971","36033000","4112"
"972","36083800","4113"
"973","36017402","3804"
"974","36023702","3706"
"975","36042901","3706"
"976","36021500","3803"
"977","36021703","3802"
"978","36008000","3808"
"979","36046400","4106"
"980","36127700","4106"
"981","36024300","4003"
"982","36008500","4101"
"983","36004300","4101"
"984","36025100","4003"
"985","36026500","4003"
"986","36037300","3705"
"987","36039100","3705"
"988","36109300","4104"
"989","36109700","4104"
"990","36008800","3808"
"991","36009000","3808"
"992","36001501","3810"
"993","36002900","3809"
"994","36018100","4004"
"995","36007800","3808"
"996","36084601","4113"
"997","36007100","3810"
"998","36129102","4104"
"999","36074900","4108"
"1000","36076901","4108"
"1001","36042600","3702"
"1002","36009300","3710"
"1003","36011700","3710"
"1004","36033402","4112"
"1005","36094500","4103"
"1006","36054500","4001"
"1007","36021303","3802"
"1008","36099800","4009"
"1009","36003700","4004"
"1010","36003900","4004"
"1011","36017400","4017"
"1012","36017600","4017"
"1013","36004300","3810"
"1014","36005502","3810"
"1015","36005700","3810"
"1016","36003601","3809"
"1017","36003602","3809"
"1018","36008602","3808"
"1019","36139900","4104"
"1020","36144100","4104"
"1021","36033401","4112"
"1022","36035700","4006"
"1023","36035900","4006"
"1024","36014100","3705"
"1025","36018400","3703"
"1026","36016400","3703"
"1027","36028100","4003"
"1028","36051100","4110"
"1029","36025400","4112"
"1030","36001402","3809"
"1031","36008601","3808"
"1032","36044601","4112"
"1033","36046000","4112"
"1034","36021200","4112"
"1035","36024000","4112"
"1036","36013700","4101"
"1037","36006900","4101"
"1038","36007100","4101"
"1039","36006501","4101"
"1040","36012500","4101"
"1041","36097203","4114"
"1042","36015000","4013"
"1043","36007000","3808"
"1044","36009500","4101"
"1045","36035200","4112"
"1046","36002700","3903"
"1047","36015200","3805"
"1048","36091000","4007"
"1049","36118201","4008"
"1050","36041400","4112"
"1051","36044000","4112"
"1052","36099701","4103"
"1053","36020100","3903"
"1054","36006100","3708"
"1055","36025100","3903"
"1056","36030301","3903"
"1057","36031902","3903"
"1058","36147100","4104"
"1059","36150701","4104"
"1060","36012000","4012"
"1061","36012600","4013"
"1062","36063500","4110"
"1063","36017100","3708"
"1064","36017702","3708"
"1065","36028900","3701"
"1066","36035600","3702"
"1067","36021200","3803"
"1068","36022102","3803"
"1069","36022800","3803"
"1070","36077908","4106"
"1071","36050100","4001"
"1072","36051500","4001"
"1073","36018300","4004"
"1074","36021100","4004"
"1075","36018501","4004"
"1076","36018700","4004"
"1077","36008500","3710"
"1078","36008700","3710"
"1079","36008400","3709"
"1080","36006700","3710"
"1081","36053100","4110"
"1082","36006200","3808"
"1083","36056300","4001"
"1084","36004300","4004"
"1085","36004500","4005"
"1086","36015400","3901"
"1087","36008400","4012"
"1088","36008800","4012"
"1089","36017500","4012"
"1090","36001200","3809"
"1091","36029500","3801"
"1092","36148300","4104"
"1093","36020501","3707"
"1094","36035602","4018"
"1095","36036400","4018"
"1096","36022200","3803"
"1097","36022400","3803"
"1098","36075702","4108"
"1099","36015801","4113"
"1100","36020800","4112"
"1101","36024600","4112"
"1102","36018900","4109"
"1103","36024900","4109"
"1104","36003300","4101"
"1105","36046200","4112"
"1106","36014605","3901"
"1107","36007200","3808"
"1108","36007400","3807"
"1109","36088901","4103"
"1110","36056000","4105"
"1111","36043900","4107"
"1112","36084900","4103"
"1113","36036900","4007"
"1114","36142900","4104"
"1115","36145101","4104"
"1116","36079200","4112"
"1117","36006201","4113"
"1118","36050202","4012"
"1119","36050400","4012"
"1120","36027900","3701"
"1121","36036800","4112"
"1122","36035800","3702"
"1123","36011500","3807"
"1124","36057500","4001"
"1125","36057900","4001"
"1126","36018700","3806"
"1127","36103201","4114"
"1128","36019800","4112"
"1129","36019600","4112"
"1130","36020200","4112"
"1131","36022001","4106"
"1132","36043701","4107"
"1133","36043702","4107"
"1134","36025800","4112"
"1135","36008800","4113"
"1136","36052300","4001"
"1137","36052500","4001"
"1138","36070202","4009"
"1139","36014607","3901"
"1140","36036600","4018"
"1141","36037000","4018"
"1142","36037401","4018"
"1143","36098700","4103"
"1144","36015500","3806"
"1145","36005400","3709"
"1146","36005600","3709"
"1147","36032700","4011"
"1148","36058800","4016"
"1149","36059000","4016"
"1150","36060600","4016"
"1151","36002400","4111"
"1152","36002600","4111"
"1153","36037402","4018"
"1154","36010602","3805"
"1155","36011000","3805"
"1156","36011600","3805"
"1157","36108500","4104"
"1158","36109900","4104"
"1159","36113300","4104"
"1160","36013201","3901"
"1161","36019600","3804"
"1162","36014608","3901"
"1163","36030302","3903"
"1164","36059800","4016"
"1165","36062600","4016"
"1166","36047800","4014"
"1167","36011201","3902"
"1168","36011401","3902"
"1169","36016100","4006"
"1170","36003500","4004"
"1171","36017900","4004"
"1172","36053800","4105"
"1173","36058200","4105"
"1174","36016300","4006"
"1175","36020500","4006"
"1176","36031702","4006"
"1177","36031900","4011"
"1178","36032100","4011"
"1179","36038700","4003"
"1180","36039500","4002"
"1181","36042400","4017"
"1182","36041200","4017"
"1183","36024400","4014"
"1184","36046800","4014"
"1185","36053900","4110"
"1186","36027500","4003"
"1187","36027700","4003"
"1188","36012901","4005"
"1189","36012902","4005"
"1190","36045300","4002"
"1191","36048500","4002"
"1192","36021600","3803"
"1193","36018902","3902"
"1194","36030800","4018"
"1195","36007400","3709"
"1196","36008600","3709"
"1197","36118800","4008"
"1198","36074700","4108"
"1199","36022101","3708"
"1200","36038301","3707"
"1201","36155101","4105"
"1202","36014702","3705"
"1203","36016900","3705"
"1204","36077500","4111"
"1205","36009800","4113"
"1206","36011000","4111"
"1207","36070300","4108"
"1208","36070700","4108"
"1209","36070900","4108"
"1210","36048900","4002"
"1211","36049300","4002"
"1212","36049302","4110"
"1213","36008200","3808"
"1214","36022300","3903"
"1215","36009600","3709"
"1216","36020100","3708"
"1217","36007800","3709"
"1218","36009200","3709"
"1219","36008603","3808"
"1220","36079801","4011"
"1221","36079802","4011"
"1222","36008500","4005"
"1223","36005601","4013"
"1224","36013200","3703"
"1225","36088000","4011"
"1226","36039500","3705"
"1227","36042500","3706"
"1228","36099100","4103"
"1229","36133300","4106"
"1230","36134700","4106"
"1231","36040400","4112"
"1232","36061601","4105"
"1233","36062000","4105"
"1234","36037600","4112"
"1235","36042300","4002"
"1236","36001900","4109"
"1237","36008300","4101"
"1238","36008100","4101"
"1239","36002400","3809"
"1240","36062400","4105"
"1241","36062600","4105"
"1242","36021400","4106"
"1243","36060100","4110"
"1244","36060300","4110"
"1245","36002700","3809"
"1246","36016700","3806"
"1247","36028800","4112"
"1248","36049301","4110"
"1249","36049700","4110"
"1250","36012400","3805"
"1251","36013200","3805"
"1252","36002300","3710"
"1253","36028000","4017"
"1254","36028200","4017"
"1255","36014201","4111"
"1256","36014202","4111"
"1257","36045200","4106"
"1258","36045400","4106"
"1259","36066501","4110"
"1260","36066900","4110"
"1261","36030700","4006"
"1262","36034700","4006"
"1263","36085700","4103"
"1264","36019900","4109"
"1265","36015100","4101"
"1266","36016300","4101"
"1267","36011800","3805"
"1268","36012600","3805"
"1269","36025500","3801"
"1270","36014604","3901"
"1271","36015601","3901"
"1272","36034300","3701"
"1273","36039901","3706"
"1274","36012301","4101"
"1275","36013500","4101"
"1276","36042700","4107"
"1277","36099703","4103"
"1278","36099704","4103"
"1279","36036600","4112"
"1280","36007600","3807"
"1281","36019400","3703"
"1282","36045600","3702"
"1283","36107201","4114"
"1284","36122701","4106"
"1285","36122702","4106"
"1286","36017010","3901"
"1287","36103202","4114"
"1288","36026000","4112"
"1289","36026200","4112"
"1290","36018700","4109"
"1291","36038600","4018"
"1292","36039800","4018"
"1293","36002300","4004"
"1294","36015500","3705"
"1295","36016100","3705"
"1296","36083700","4103"
"1297","36079701","4103"
"1298","36084500","4103"
"1299","36085900","4103"
"1300","36005200","3807"
"1301","36025600","3704"
"1302","36019100","4004"
"1303","36053900","4001"
"1304","36021900","3708"
"1305","36013800","3805"
"1306","36021300","4011"
"1307","36032500","4011"
"1308","36030600","4105"
"1309","36024700","3707"
"1310","36021501","3707"
"1311","36055200","4105"
"1312","36018300","4109"
"1313","36034000","4018"
"1314","36025100","4109"
"1315","36025302","4109"
"1316","36025301","4109"
"1317","36021600","4111"
"1318","36079000","4112"
"1319","36081400","4113"
"1320","36000100","4109"
"1321","36000700","4109"
"1322","36014400","3703"
"1323","36028700","4003"
"1324","36028900","4003"
"1325","36039300","4002"
"1326","36000600","3809"
"1327","36026601","3703"
"1328","36026400","3703"
"1329","36026602","3703"
"1330","36024500","4109"
"1331","36099705","4103"
"1332","36099900","4103"
"1333","36024100","4003"
"1334","36123700","4003"
"1335","36010000","4113"
"1336","36086400","4113"
"1337","36006900","3710"
"1338","36017300","3708"
"1339","36030600","4018"
"1340","36053500","4001"
"1341","36054700","4001"
"1342","36033000","4018"
"1343","36032800","4018"
"1344","36033600","4018"
"1345","36030300","4007"
"1346","36036501","4007"
"1347","36079602","4011"
"1348","36082000","4011"
"1349","36082200","4011"
"1350","36000900","4004"
"1351","36078200","4010"
"1352","36083000","4010"
"1353","36006000","3808"
"1354","36031500","4006"
"1355","36019300","4004"
"1356","36023300","4003"
"1357","36028700","3801"
"1358","36029700","3801"
"1359","36000301","4004"
"1360","36023100","3903"
"1361","36034500","3701"
"1362","36161700","4105"
"1363","36018101","4109"
"1364","36018102","4109"
"1365","36115500","4103"
"1366","36116700","4103"
"1367","36077600","4009"
"1368","36078000","4010"
"1369","36054600","4015"
"1370","36054800","4016"
"1371","36082600","4010"
"1372","36082800","4010"
"1373","36087600","4011"
"1374","36022400","4014"
"1375","36023000","4014"
"1376","36048600","4014"
"1377","36048800","4014"
"1378","36022600","4014"
"1379","36022800","4014"
"1380","36049600","4014"
"1381","36049800","4014"
"1382","36050000","4012"
"1383","36006400","4013"
"1384","36013800","4013"
"1385","36016200","4013"
"1386","36006200","4013"
"1387","36014800","4013"
"1388","36016600","4013"
"1389","36040000","4017"
"1390","36041000","4017"
"1391","36023200","4014"
"1392","36023400","4014"
"1393","36011600","4014"
"1394","36021600","4014"
"1395","36021800","4014"
"1396","36010000","4012"
"1397","36010600","4012"
"1398","36009000","4012"
"1399","36009200","4012"
"1400","36018000","4017"
"1401","36031901","3903"
"1402","36032300","3903"
"1403","36047700","4001"
"1404","36049700","4001"
"1405","36039800","4112"
"1406","36042400","4112"
"1407","36000800","3809"
"1408","36004100","3710"
"1409","36036700","3705"
"1410","36009602","3902"
"1411","36017300","3902"
"1412","36051002","4015"
"1413","36079400","4010"
"1414","36004900","3810"
"1415","36049000","4014"
"1416","36049200","4014"
"1417","36055700","4110"
"1418","36029500","4003"
"1419","36038300","4003"
"1420","36094202","4114"
"1421","36039200","4016"
"1422","36058400","4016"
"1423","36008400","3807"
"1424","36009700","3807"
"1425","36010300","3807"
"1426","36061000","4105"
"1427","36061200","4105"
"1428","36054300","4004"
"1429","36033700","3701"
"1430","36052100","4110"
"1431","36025700","3707"
"1432","36026900","3706"
"1433","36044400","4112"
"1434","36046800","4112"
"1435","36012901","3710"
"1436","36015900","3710"
"1437","36000200","4012"
"1438","36014000","4013"
"1439","36014200","4013"
"1440","36093401","4114"
"1441","36093402","4114"
"1442","36093800","4114"
"1443","36031400","4018"
"1444","36051700","4110"
"1445","36060701","4110"
"1446","36111300","4104"
"1447","36112300","4104"
"1448","36016800","3804"
"1449","36035800","4105"
"1450","36064600","4105"
"1451","36047900","4109"
"1452","36077200","4015"
"1453","36077000","4015"
"1454","36078800","4015"
"1455","36020300","4006"
"1456","36019900","4004"
"1457","36020100","4004"
"1458","36011000","3703"
"1459","36014300","4005"
"1460","36081800","4113"
"1461","36084602","4113"
"1462","36079702","4103"
"1463","36080301","4103"
"1464","36080900","4106"
"1465","36014200","3805"
"1466","36036100","4007"
"1467","36031100","4006"
"1468","36031300","4006"
"1469","36075701","4108"
"1470","36006200","3709"
"1471","36096000","4009"
"1472","36096200","4009"
"1473","36013400","4111"
"1474","36024300","4109"
"1475","36051500","4110"
"1476","36071100","4108"
"1477","36071305","4108"
"1478","36038100","4102"
"1479","36017800","4113"
"1480","36084000","4113"
"1481","36061002","4018"
"1482","36061004","4018"
"1483","36060800","4016"
"1484","36061003","4018"
"1485","36029200","4017"
"1486","36029400","4017"
"1487","36044900","4001"
"1488","36058900","4001"
"1489","36058100","4110"
"1490","36057700","4110"
"1491","36091800","4114"
"1492","36092200","4114"
"1493","36057900","4110"
"1494","36061301","4110"
"1495","36070201","4009"
"1496","36013204","3901"
"1497","36053500","4110"
"1498","36059500","4110"
"1499","36062200","4016"
"1500","36066600","4009"
"1501","36004002","4113"
"1502","36004200","4111"
"1503","36003600","4111"
"1504","36002200","4111"
"1505","36003000","4111"
"1506","36000100","4004"
"1507","36002100","4004"
"1508","36019400","3804"
"1509","36055500","4001"
"1510","36028300","3701"
"1511","36030900","3801"
"1512","36099801","4114"
"1513","36100802","4114"
"1514","36018401","4112"
"1515","36018402","4112"
"1516","36023600","4106"
"1517","36023800","4112"
"1518","36042600","4112"
"1519","36043200","4112"
"1520","36095400","4114"
"1521","36096400","4114"
"1522","36007300","3810"
"1523","36035900","3705"
"1524","36036100","3705"
"1525","36010800","4111"
"1526","36011800","4111"
"1527","36037400","3702"
"1528","36027600","4112"
"1529","36027800","4112"
"1530","36026400","4112"
"1531","36097202","4114"
"1532","36097204","4114"
"1533","36018200","4112"
"1534","36018600","4112"
"1535","36027401","3703"
"1536","36011800","4012"
"1537","36012200","4012"
"1538","36052200","4112"
"1539","36052800","4112"
"1540","36051600","4105"
"1541","36053401","4105"
"1542","36048400","4112"
"1543","36050000","4112"
"1544","36014100","4101"
"1545","36055400","4105"
"1546","36130100","4105"
"1547","36024800","3704"
"1548","36029600","3704"
"1549","36032800","4105"
"1550","36068200","4105"
"1551","36047600","4106"
"1552","36047800","4106"
"1553","36029500","4109"
"1554","36029700","4109"
"1555","36001100","3903"
"1556","36001700","3903"
"1557","36008100","3903"
"1558","36029900","4101"
"1559","36031700","4101"
"1560","36152901","4104"
"1561","36065000","4105"
"1562","36069400","4105"
"1563","36070600","4009"
"1564","36102800","4009"
"1565","36029102","3902"
"1566","36026100","3706"
"1567","36026300","3706"
"1568","36031600","3704"
"1569","36032400","3704"
"1570","36032600","3704"
"1571","36015400","4013"
"1572","36030200","4017"
"1573","36030400","4017"
"1574","36039700","3705"
"1575","36018200","4017"
"1576","36018400","4017"
"1577","36038200","4018"
"1578","36040200","4017"
"1579","36045800","4015"
"1580","36000800","3903"
"1581","36014100","3903"
"1582","36007700","3903"
"1583","36010500","3903"
"1584","36001800","3902"
"1585","36023900","3903"
"1586","36024700","3903"
"1587","36020000","3704"
"1588","36028600","3704"
"1589","36005300","3707"
"1590","36020502","3707"
"1591","36029104","3902"
"1592","36029103","3902"
"1593","36040702","3706"
"1594","36041500","3706"
"1595","36031800","3704"
"1596","36035000","3704"
"1597","36045800","3702"
"1598","36046000","3702"
"1599","36048400","3702"
"1600","36002900","3903"
"1601","36003300","3903"
"1602","36010100","4101"
"1603","36009700","4101"
"1604","36009900","4101"
"1605","36099200","4114"
"1606","36013301","3903"
"1607","36013302","3903"
"1608","36018702","3902"
"1609","36035100","3701"
"1610","36037800","3702"
"1611","36038000","3702"
"1612","36033800","3704"
"1613","36017700","3902"
"1614","36116600","4008"
"1615","36116800","4008"
"1616","36105801","4008"
"1617","36017007","3901"
"1618","36042500","4002"
"1619","36017012","3901"
"1620","36038900","4002"
"1621","36039100","4002"
"1622","36020804","3901"
"1623","36087200","4010"
"1624","36087401","4011"
"1625","36017600","3901"
"1626","36012805","3901"
"1627","36012806","3901"
"1628","36109800","4008"
"1629","36014700","3806"
"1630","36015100","3806"
"1631","36107800","4008"
"1632","36002100","3810"
"1633","36006700","3810"
"1634","36013600","3805"
"1635","36003300","4004"
"1636","36072400","4009"
"1637","36094402","4009"
"1638","36110400","4008"
"1639","36112200","4007"
"1640","36121400","4008"
"1641","36005200","4111"
"1642","36005400","4113"
"1643","36111600","4008"
"1644","36112000","4008"
"1645","36095600","4009"
"1646","36095800","4009"
"1647","36098800","4009"
"1648","36099000","4009"
"1649","36022900","3802"
"1650","36023300","3802"
"1651","36021800","3803"
"1652","36022000","3803"
"1653","36101200","4009"
"1654","36027100","4006"
"1655","36081600","4010"
"1656","36003100","3810"
"1657","36003300","3810"
"1658","36016400","3804"
"1659","36090600","4007"
"1660","36091200","4007"
"1661","36121000","4008"
"1662","36015802","3804"
"1663","36018000","3804"
"1664","36018200","3804"
"1665","36017800","3804"
"1666","36018800","3804"
"1667","36070203","4009"
"1668","36107202","4114"
"1669","36089200","4113"
"1670","36120800","4008"
"1671","36002201","3809"
"1672","36002202","3809"
"1673","36049100","4001"
"1674","36050700","4003"
"1675","36020901","3802"
"1676","36050900","4001"
"1677","36024502","3707"
"1678","36024900","3707"
"1679","36088400","4010"
"1680","36089200","4007"
"1681","36089400","4007"
"1682","36090000","4007"
"1683","36005800","3807"
"1684","36008700","3807"
"1685","36008900","3807"
"1686","36009300","3807"
"1687","36011100","3807"
"1688","36022301","3802"
"1689","36009100","3807"
"1690","36005000","3808"
"1691","36006400","3808"
"1692","36006600","3808"
"1693","36006800","3808"
"1694","36004401","4113"
"1695","36037100","4007"
"1696","36037900","4003"
"1697","36043100","3706"
"1698","36017005","3901"
"1699","36017011","3901"
"1700","36033500","4011"
"1701","36035300","4006"
"1702","36092000","4007"
"1703","36092200","4007"
"1704","36004800","3808"
"1705","36029900","4006"
"1706","36038100","4006"
"1707","36003400","4111"
"1708","36118600","4008"
"1709","36035500","4011"
"1710","36088200","4010"
"1711","36033600","3704"
"1712","36037600","3702"
"1713","36034800","3704"
"1714","36036400","3702"
"1715","36019300","3802"
"1716","36007500","3810"
"1717","36088400","4113"
"1718","36066200","4009"
"1719","36069800","4009"
"1720","36101800","4009"
"1721","36105804","4008"
"1722","36004000","3903"
"1723","36015700","3806"
"1724","36031900","3701"
"1725","36003900","3810"
"1726","36023500","4109"
"1727","36021900","4109"
"1728","36019900","3802"
"1729","36056700","4110"
"1730","36137700","4104"
"1731","36138502","4104"
"1732","36005000","4113"
"1733","36024800","3901"
"1734","36020500","4109"
"1735","36022900","4109"
"1736","36079300","4106"
"1737","36080302","4103"
"1738","36040500","4002"
"1739","36027302","3902"
"1740","36027301","3902"
"1741","36027704","3902"
"1742","36019700","3903"
"1743","36032300","3701"
"1744","36085600","4010"
"1745","36085800","4010"
"1746","36085200","4010"
"1747","36086000","4010"
"1748","36019800","3901"
"1749","36041400","3702"
"1750","36044200","3702"
"1751","36044400","3702"
"1752","36157102","4105"
"1753","36162100","4105"
"1754","36062900","4110"
"1755","36015100","3903"
"1756","36018701","3903"
"1757","36063900","4110"
"1758","36041100","4002"
"1759","36055900","4110"
"1760","36040700","4002"
"1761","36040900","4002"
"1762","36043700","4002"
"1763","36055500","4110"
"1764","36155102","4105"
"1765","36156700","4105"
"1766","36019900","3708"
"1767","36019700","3708"
"1768","36013000","3703"
"1769","36013500","3705"
"1770","36028500","3701"
"1771","36029500","3701"
"1772","36005902","3708"
"1773","36015100","3705"
"1774","36099802","4114"
"1775","36101001","4114"
"1776","36014500","3705"
"1777","36014701","3705"
"1778","36023704","3707"
"1779","36023900","3707"
"1780","36024100","3707"
"1781","36021301","3707"
"1782","36021502","3707"
"1783","36021700","3707"
"1784","36091601","4114"
"1785","36091602","4114"
"1786","36018102","3708"
"1787","36018301","3708"
"1788","36023400","3803"
"1789","36023600","3803"
"1790","36021400","3803"
"1791","36040900","3701"
"1792","36042100","3706"
"1793","36046202","4014"
"1794","36019500","3708"
"1795","36086900","4103"
"1796","36090700","4103"
"1797","36014900","3705"
"1798","36018500","3705"
"1799","36064101","4111"
"1800","36080800","4011"
"1801","36081000","4011"
"1802","36012100","3903"
"1803","36012500","3903"
"1804","36001200","4111"
"1805","36004700","3903"
"1806","36093600","4010"
"1807","36093800","4010"
"1808","36008300","3807"
"1809","36003900","3710"
"1810","36030300","3801"
"1811","36030700","3801"
"1812","36001800","3809"
"1813","36004100","3810"
"1814","36002800","3809"
"1815","36004400","3808"
"1816","36006400","3902"
"1817","36009601","3902"
"1818","36024000","3704"
"1819","36029700","3701"
"1820","36033500","3701"
"1821","36147900","4104"
"1822","36150702","4104"
"1823","36061602","4105"
"1824","36050600","4015"
"1825","36044901","3702"
"1826","36044902","3702"
"1827","36013800","3901"
"1828","36018100","3902"
"1829","36001600","3709"
"1830","36004200","3709"
"1831","36006000","3705"
"1832","36015700","3705"
"1833","36025100","3707"
"1834","36025300","3706"
"1835","36025500","3706"
"1836","36061900","4110"
"1837","36004300","3710"
"1838","36006500","3710"
"1839","36007100","3710"
"1840","36094201","4114"
"1841","36094203","4114"
"1842","36022000","3705"
"1843","36010800","3808"
"1844","36011203","3808"
"1845","36009400","3807"
"1846","36009600","3807"
"1847","36011201","3807"
"1848","36011202","3807"
"1849","36010100","3807"
"1850","36010900","3807"
"1851","36020700","3903"
"1852","36021300","3903"
"1853","36027600","3703"
"1854","36028400","3704"
"1855","36006400","3709"
"1856","36021800","3709"
"1857","36005800","4113"
"1858","36064102","4111"
"1859","36064500","4108"
"1860","36073100","4108"
"1861","36077300","4111"
"1862","36129103","4104"
"1863","36001500","4004"
"1864","36003100","4004"
"1865","36021500","4006"
"1866","36038302","3707"
"1867","36038500","3705"
"1868","36024301","3801"
"1869","36023900","3801"
"1870","36002500","4101"
"1871","36051200","4015"
"1872","36152200","4015"
"1873","36010300","4101"
"1874","36010500","4101"
"1875","36005100","3710"
"1876","36021000","3804"
"1877","36097300","4103"
"1878","36003700","4101"
"1879","36008600","4113"
"1880","36001900","3710"
"1881","36010701","4101"
"1882","36005001","3709"
"1883","36005002","3709"
"1884","36002800","3709"
"1885","36128300","4106"
"1886","36136700","4104"
"1887","36120000","4008"
"1888","36120200","4008"
"1889","36024000","3804"
"1890","36009000","3709"
"1891","36093900","4103"
"1892","36020900","3708"
"1893","36022500","3708"
"1894","36004700","3810"
"1895","36022401","3704"
"1896","36035400","4018"
"1897","36007200","3709"
"1898","36007600","3709"
"1899","36021602","3709"
"1900","36041100","3706"
"1901","36050400","3703"
"1902","36055300","4001"
"1903","36055700","4001"
"1904","36025100","3801"
"1905","36014700","3903"
"1906","36016901","3903"
"1907","36000400","3709"
"1908","36041300","3706"
"1909","36041900","3706"
"1910","36011502","3710"
"1911","36012300","3705"
"1912","36056500","4110"
"1913","36003900","3903"
"1914","36005900","3903"
"1915","36008900","3903"
"1916","36009700","3903"
"1917","36017700","4005"
"1918","36016500","4005"
"1919","36015900","4005"
"1920","36020700","4006"
"1921","36015200","4013"
"1922","36019200","3804"
"1923","36024200","3804"
"1924","36000200","3709"
"1925","36101002","4114"
"1926","36046202","3703"
"1927","36046201","3703"
"1928","36046300","4107"
"1929","36046500","4107"
"1930","36047100","4107"
"1931","36048500","4109"
"1932","36023700","3802"
"1933","36024100","3801"
"1934","36065600","4105"
"1935","36006202","4113"
"1936","36122000","4008"
"1937","36023100","3707"
"1938","36037900","3707"
"1939","36066400","4105"
"1940","36071600","4105"
"1941","36000600","4111"
"1942","36000800","4111"
"1943","36033100","4102"
"1944","36034700","4102"
"1945","36118400","4008"
"1946","36000400","4111"
"1947","36118202","4008"
"1948","36119600","4008"
"1949","36051300","4001"
"1950","36051900","4001"
"1951","36000700","3810"
"1952","36001001","3809"
"1953","36001002","3809"
"1954","36054900","4001"
"1955","36024302","3803"
"1956","36024401","3901"
"1957","36024402","3901"
"1958","36027702","3902"
"1959","36027900","3902"
"1960","36012200","3902"
"1961","36013400","3902"
"1962","36034800","4018"
"1963","36035000","4018"
"1964","36035200","4018"
"1965","36107000","4008"
"1966","36103400","4009"
"1967","36062100","4110"
"1968","36063700","4110"
"1969","36065501","4110"
"1970","36029100","3801"
"1971","36029900","3801"
"1972","36031100","3801"
"1973","36028300","3801"
"1974","36028500","3801"
"1975","36036001","4018"
"1976","36036200","4018"
"1977","36073000","4009"
"1978","36073600","4009"
"1979","36016002","3804"
"1980","36072600","4009"
"1981","36073200","4009"
"1982","36018600","3803"
"1983","36069602","4009"
"1984","36070000","4009"
"1985","36000600","3903"
"1986","36002100","3903"
"1987","36033400","3705"
"1988","36039300","3705"
"1989","36012200","3805"
"1990","36023502","3707"
"1991","36038100","3707"
"1992","36038301","4103"
"1993","36038302","4107"
"1994","36114201","4008"
"1995","36118900","4103"
"1996","36120100","4103"
"1997","36000300","3903"
"1998","36000700","3903"
"1999","36029301","3701"
"2000","36029302","3701"
"2001","36018300","3806"
"2002","36027100","3801"
"2003","36015002","3805"
"2004","36016001","3805"
"2005","36007700","3810"
"2006","36007900","3810"
"2007","36016900","3806"
"2008","36017300","3806"
"2009","36017100","3806"
"2010","36015900","3806"
"2011","36016300","3806"
"2012","36017401","3804"
"2013","36000202","3809"
"2014","36000201","3809"
"2015","36001401","3809"
"2016","36118000","4008"
"2017","36014300","3806"
"2018","36018900","3806"
"2019","36019701","3802"
"2020","36020101","3802"
"2021","36028100","3701"
"2022","36043500","3702"
"2023","36014802","3805"
"2024","36015801","3805"
"2025","36019100","3806"
"2026","36019500","3802"
"2027","36030701","3701"
"2028","36030900","3701"
"2029","36072300","4108"
"2030","36073700","4108"
"2031","36017000","3804"
"2032","36003400","3809"
"2033","36004000","3809"
"2034","36016600","3804"
"2035","36017200","3804"
"2036","36002000","3809"
"2037","36002601","3809"
"2038","36003200","3809"
"2039","36003800","3809"
"2040","36020300","3802"
"2041","36020701","3802"
"2042","36024500","3801"
"2043","36024700","3801"
"2044","36027500","3801"
"2045","36026500","3801"
"2046","36027300","3801"
"2047","36016100","3806"
"2048","36016500","3806"
"2049","36017500","3806"
"2050","36017900","3806"
"2051","36006300","3708"
"2052","36029000","4017"
"2053","36029600","4017"
"2054","36002000","3709"
"2055","36002400","3709"
"2056","36025500","4003"
"2057","36053100","4003"
"2058","36006700","3903"
"2059","36007500","3903"
"2060","36011202","3902"
"2061","36012804","3902"
"2062","36012100","4005"
"2063","36056100","4110"
"2064","36114202","4008"
"2065","36018900","3708"
"2066","36019300","3708"
"2067","36007000","3902"
"2068","36007400","3902"
"2069","36027900","3801"
"2070","36028100","3801"
"2071","36001300","3810"
"2072","36063800","4105"
"2073","36065400","4105"
"2074","36077400","4015"
"2075","36078600","4015"
"2076","36015602","3901"
"2077","36015603","3901"
"2078","36032000","4105"
"2079","36068000","4105"
"2080","36069000","4105"
"2081","36094401","4009"
"2082","36095000","4009"
"2083","36000700","4004"
"2084","36004700","4005"
"2085","36008700","4101"
"2086","36009100","4101"
"2087","36016200","3804"
"2088","36011900","4005"
"2089","36045101","3702"
"2090","36045102","3702"
"2091","36001800","4012"
"2092","36011700","4005"
"2093","36125700","4106"
"2094","36126500","4106"
"2095","36049900","4107"
"2096","36050700","4110"
"2097","36000502","4004"
"2098","36001300","4004"
"2099","36119200","4008"
"2100","36117800","4008"
"2101","36119000","4008"
"2102","36068300","4107"
"2103","36071702","4108"
"2104","36005100","4005"
"2105","36027705","3902"
"2106","36027706","3902"
"2107","36020803","3901"
"2108","36022600","3901"
"2109","36020801","3901"
"2110","36022800","3902"
"2111","36013500","3807"
"2112","36007700","4005"
"2113","36009900","3807"
"2114","36006300","4005"
"2115","36031703","3810"
"2116","36031704","3810"
"2117","36013203","3901"
"2118","36014606","3901"
"2119","36990100","3901"
"2120","36031900","3810"
"2121","36000900","3810"
"2122","36002002","3902"
"2123","36005000","3902"
"2124","36002001","3903"
"2125","36003600","3903"
"2126","36005300","4005"
"2127","36005900","4005"
"2128","36006500","4005"
"2129","36003700","3810"
"2130","36006900","3810"
"2131","36011700","3807"
"2132","36012900","3807"
"2133","36015601","3805"
"2134","36015602","3804"
"2135","36000500","3810"
"2136","36004400","4013"
"2137","36003400","4013"
"2138","36004600","4013"
"2139","36005602","4013"
"2140","36016400","4013"
"2141","36017100","4109"
"2142","36023100","3802"
"2143","36023501","3802"
"2144","36018100","3806"
"2145","36018500","3806"
"2146","36014401","3805"
"2147","36014402","3805"
"2148","36014601","3805"
"2149","36014602","3805"
"2150","36023801","3805"
"2151","36023802","3805"
"2152","36017900","4109"
"2153","36020500","3802"
"2154","36021100","3802"
"2155","36002500","3809"
"2156","36021900","3802"
"2157","36022302","3802"
"2158","36098100","4103"
"2159","36005000","4013"
"2160","36005201","4013"
"2161","36003800","4013"
"2162","36047500","4107"
"2163","36068700","4108"
"2164","36011800","3703"
"2165","36013800","3703"
